No.,Channel,KOL,KOL_Post,Region
1,TikTok,keepingupwiththekilics,https://www.tiktok.com/@keepingupwiththekilics/video/7335173112780180768,Europe
2,TikTok,keepingupwiththekilics,https://www.tiktok.com/@keepingupwiththekilics/video/7334730444564352289,Europe
3,Youtube,TechNuov,https://www.youtube.com/shorts/7OR6zFH1pdI,Europe
4,Youtube,CSS,https://www.youtube.com/watch?v=2WnQnTxIraI,Europe
5,Youtube,GADGET CRUNCH,https://www.youtube.com/watch?v=B2jDmstYDWk,Europe
6,Youtube,Mister Quindi,https://www.youtube.com/watch?v=Aqyml-stfrw,Europe
7,Youtube,Tech Room UK,https://www.youtube.com/watch?v=9H4vjdoqGjc,Europe
8,Youtube,Jx - Unboxing & High-Tech,https://www.youtube.com/watch?v=1r4Srd-Ksuk&t=1s,Europe
9,Youtube,I-AleX,https://www.youtube.com/watch?v=gX41J8tiEq8,Europe
10,Youtube,Giuseppe Gravante - Tech,https://www.youtube.com/watch?v=29akASqcJHA,Europe
11,Youtube,Moschuss,https://www.youtube.com/watch?v=_1GcU_-5fkY,Europe
12,Youtube,XTOM CICOS - Tech,https://www.youtube.com/watch?v=67GySjz9RPU&t=71s,Europe
13,TikTok,braindegeek,https://www.tiktok.com/@braindegeek/video/7383316816786984225,Europe
14,Youtube,I-AleX,https://www.youtube.com/watch?v=bTj5_MyELwQ&t=323s,Europe
15,Youtube,AudioTechniker,https://www.youtube.com/watch?v=yOAnHd6t_K4,Europe
16,Youtube,Chigz Tech Reviews,https://www.youtube.com/watch?v=Dwadx3Andi8,Europe
17,Youtube,Tech Geek,https://www.youtube.com/watch?v=4-LBZ6_JkVo,Europe
18,Youtube,Mr.UnboxTour,https://www.youtube.com/watch?v=s1wiihJ-C6k,Europe
19,Youtube,Tech Room UK,https://www.youtube.com/watch?v=VnNzMxlDaDA,Europe
20,Youtube,GADGET CRUNCH,https://www.youtube.com/watch?v=e2hKaHSBkt8&t=174s,Europe
21,Youtube,Tech Nuovo,https://www.youtube.com/shorts/DKI_uKrHFg4,Europe
22,Youtube,Tech Nuovo,https://www.youtube.com/watch?v=9G2gBwTTZqI,Europe
23,Youtube,I-AleX,https://www.youtube.com/shorts/doXZE4FIhZU?feature=share,Europe
24,TikTok,Braindegeek,https://www.tiktok.com/@braindegeek/video/7413445818516098337,Europe
25,Youtube,Braindegeek,https://www.youtube.com/shorts/8X2vzg_I8J8,Europe
26,TikTok,annaa_cologne,https://vm.tiktok.com/ZNewaSoyN/,Europe
27,Youtube,DirtyLama,https://www.youtube.com/watch?v=YCXAGDdc_bE,Europe
28,Youtube,Tech Room UK,https://www.youtube.com/watch?v=aw-T1845RGA,Europe
29,Youtube,I-Alex,https://www.youtube.com/watch?v=JBG2bNzVNlU,Europe
30,Youtube,DHRME,https://www.youtube.com/watch?v=CZVmBcaGX8Q,Europe
31,Youtube,Tech Nuovo,https://www.youtube.com/shorts/tRjM__zX5w8,Europe
32,Youtube,Chigz Tech Reviews,https://www.youtube.com/watch?v=MNHb4hNQPkI,Europe
33,Youtube,Chigz Tech Reviews,https://www.youtube.com/shorts/UhJN4hGXlhw,Europe
34,Youtube,Speakershocker Hi-Fi Mehr als nur Technik,https://www.youtube.com/watch?v=svzDCq7dBCw,Europe
35,Youtube,Smart Home Sounds,https://www.youtube.com/watch?v=DbQbE2sPxSY,Europe
36,Youtube,Stu’s Reviews,https://www.youtube.com/watch?v=b0MCqAWkhnY,Europe
37,Youtube,DIrtylama,https://youtu.be/WAvZGNzVjU8?si=WmUbLcgbZkXPupXz,Europe
38,Youtube,DIrtylama,https://www.youtube.com/watch?v=Ftgp2eOEbrw,Europe
39,Youtube,Mr LazyTech,https://www.youtube.com/watch?v=6uJ1Stn-r6Q&t=1s,India
40,Youtube,AB Tech Vlog,https://www.youtube.com/watch?v=VN9IHp8qdiw,India
41,Youtube,Rickyrodger,https://www.youtube.com/watch?v=t6K185yFccQ,India
42,Youtube,Tech Therapy,https://www.youtube.com/watch?v=z12_ug0lU5k,India
43,Youtube,Saurav Anuraj,https://www.youtube.com/watch?v=-1xKbtYZX9M,India
44,Instagram,gizmogyn,https://www.instagram.com/reel/C2fFAYxvUuD/?igsh=MXd5ZXNheWZkY2JnNA%3D%3D,India
45,Youtube,Mr Rude,https://www.youtube.com/watch?v=dhJN1mOtHQs&t=129s,India
46,Instagram,mrcheri,https://www.instagram.com/reel/C3LBWCTxkG4/?utm_source=ig_web_copy_link&igsh=MzRlODBiNWFlZA==,India
47,Instagram,technobhawesh,https://www.instagram.com/reel/C3bnW2Avak8/?igsh=dnU3Z3Bwa2FudDBi,India
48,Youtube,Techzonical,https://www.youtube.com/watch?v=4NKYTkjqDbc,India
49,Youtube,ETetra Gadgets,https://www.youtube.com/watch?v=9T1g1XDhe5A,India
50,Youtube,Techdreams,https://www.youtube.com/watch?v=xP4mhnz4R9M&t=31s,India
51,Youtube,TechFreak,https://www.youtube.com/watch?v=Gv5mNqnUMJc,India
52,Youtube,Tech Bengali,https://www.youtube.com/watch?v=0M_LMzWOSis,India
53,Youtube,Arjun Tech,https://www.youtube.com/watch?v=TxsMpZCNPJo,India
54,Youtube,WhySoTechie,https://www.youtube.com/watch?v=okg1xn-FASo,India
55,Instagram,AR7 TECH,https://www.instagram.com/reel/DDQ_OUfSxU2/,India
56,Youtube,Electrical Unboxing,https://www.youtube.com/shorts/PTWNdz736AY,India
57,Youtube,SteReo,https://www.youtube.com/shorts/1yvDIEteE3A,India
58,Instagram,SteReo,https://www.instagram.com/p/C344KrLxU-l/,India
59,Instagram,techbits__,https://www.instagram.com/reel/C4xpze6rBlC/?utm_source=ig_web_copy_link&igsh=MzRlODBiNWFlZA==,India
60,Instagram,techxstreet,https://www.instagram.com/reel/C4-qntGvHW2/,India
61,Instagram,ask.theashugandhi,https://www.instagram.com/ask.theashugandhi/,India
62,Youtube,Gupta Information Systems in Hindi,https://www.youtube.com/shorts/BuZebi87qeE,India
63,Youtube,Mr Rudee,https://www.youtube.com/watch?v=_fZogMcJH6o&t=181s,India
64,Youtube,WhySoTechie,https://www.youtube.com/watch?v=oCHo7zHmP0Y,India
65,Youtube,WhySoTechie,https://www.youtube.com/shorts/jTVVt7SM_OE,India
66,Youtube,WhySoTechie,https://www.youtube.com/watch?v=-PjFO2ortDM&t=96s,India
67,Youtube,WhySoTechie,https://www.youtube.com/watch?v=hsjPYfPs66Y,India
68,Youtube,SteReo,https://www.youtube.com/shorts/aPOn2g4Hib8,India
69,Youtube,SteReo,https://www.youtube.com/shorts/09kmvMT3d2I,India
70,Youtube,AB Tech Vlog,https://www.youtube.com/watch?v=orPtHZw-Tow,India
71,Instagram,technobhawesh,https://www.instagram.com/reel/C592Zd9y43n/?igsh=YnN4ZnU0aDJ1cGR0,India
72,Instagram,mrcheri,https://www.instagram.com/reel/C6DPUu6Rfu3/?igsh=MW9nd2k1NzdhczZsNg%3D%3D,India
73,Youtube,Technojoy Logy,https://www.youtube.com/watch?v=JbkED8CAdtI,India
74,Instagram,techxanmol,https://www.instagram.com/edushop.in/reels/,India
75,Youtube,Indori Explorer,https://www.youtube.com/watch?v=YM1aIqKb16Y,India
76,Instagram,Rickyrodger,https://www.instagram.com/reel/C6Eb96py3-i/,India
77,Youtube,Rickyrodger,https://www.youtube.com/watch?v=XAstmObjT8o&t=21s,India
78,Youtube,Rickyrodger,https://www.youtube.com/shorts/i2ut0Ny1hl4,India
79,Youtube,Meta Tech Reviews,https://www.youtube.com/watch?v=spJbpQXbmKc&t=22s,India
80,Instagram,techbits__,https://www.instagram.com/reel/C63g_kixp79/,India
81,Youtube,Tech Dreams,https://www.youtube.com/watch?v=PtivzZoAnFU&t=255s,India
82,Instagram,ask.theashugandhi,https://www.instagram.com/reel/C7bine1Sp9W/,India
83,Instagram,tec_viral,https://www.instagram.com/reel/C7mDwwxyCEu/,India
84,Youtube,True Techy,https://www.youtube.com/watch?v=AK0yraaLWrw&t=189s,India
85,Youtube,TechReflex,https://www.youtube.com/watch?v=vrmqUDhu0zg,India
86,Instagram,ankit.joshi._,https://www.instagram.com/reel/C8D6e0vhncJ/,India
87,Instagram,bobby_ustd,https://www.instagram.com/accounts/login/?next=https%3A%2F%2Fwww.instagram.com%2Fbobby_ustad%2Freel%2FC8Rpk-aSIbm%2F&is_from_rle,India
88,Youtube,TECHMESH,https://www.youtube.com/watch?v=0AEoRn7LuWA,India
89,Youtube,Adithya Tech தமிழ்,https://www.youtube.com/watch?v=HutgI3mtJj0,India
90,Youtube,Nitin Tns Green,https://www.youtube.com/watch?v=REUcxQ5Fb4U,India
91,Youtube,Mr Rudee,https://www.youtube.com/watch?v=4OXiQ8uekDc,India
92,Youtube,SteReo,https://www.youtube.com/shorts/I43p8uUxVfQ,India
93,Instagram,technobhawesh,https://www.instagram.com/reel/C8lRBylidoT/?igsh=NnFrYnpkMHBwazBl,India
94,Instagram,techbits__,https://www.instagram.com/reel/C84NSFqhxpo/?igsh=MTE5Z2U3cXM4eno5ZQ==,India
95,Youtube,Meta Tech Review,https://www.youtube.com/watch?v=qr-vVB6kMMk,India
96,Youtube,True Techy,https://www.youtube.com/watch?v=sNaLyJdkDbc&t=239s,India
97,Youtube,whysotechie,https://www.youtube.com/watch?v=7kKE9EpSv3A,India
98,Instagram,mrcheri,https://www.instagram.com/mrcheri/,India
99,Instagram,ask.theashugandhi,https://www.instagram.com/ask.theashugandhi/,India
100,Instagram,techyoulogy,https://www.instagram.com/techyoulogy?igsh=MXUxODdoOWxscXRvYQ==,India
101,Youtube,tech therapy,https://www.youtube.com/watch?v=4aoSUNLAENU,India
102,Youtube,Techum,https://www.youtube.com/watch?v=zQ-91lmmGg4,India
103,Youtube,Techreflex,https://www.youtube.com/watch?v=9OEpud18Vps&t=41s,India
104,Instagram,technicoHimanshu,https://www.instagram.com/digi.bytess/,India
105,Instagram,digi bytess,https://www.instagram.com/digi.bytess/,India
106,Instagram,pritamtechmind,https://www.instagram.com/reel/C_nc8Jwv22K/?igsh=cTJ1bDA4aWFld2Zh,India
107,Instagram,gadgetbhaii,https://www.instagram.com/reel/DCE3sRtSjZ6/?igsh=NHo0MTE3ZzFnNGVu,India
108,Youtube,iGadz Unique,https://www.youtube.com/watch?v=peqbXA1GP5c,India
109,Youtube,Smart Supporter,https://www.youtube.com/watch?v=HjN08m2fBKA,India
110,Instagram,True Techy,https://www.instagram.com/p/C_BHo0NzbWo/,India
111,Instagram,bhavna_pathania,https://www.instagram.com/reel/C_Nku1JPLYE/?igsh=ZjBvdDR5Nzc3dmE4,India
112,Instagram,tec_viral,https://www.instagram.com/reel/C_dWDHGO5fM/?igsh=MXFkbzhsM29jbHV5MQ==,India
113,Instagram,Techbit,https://www.instagram.com/reel/C_qBbbNh5Hz/?igsh=MWZxemlvaGNleWJxMw==,India
114,Instagram,TechnoBhawesh,https://www.instagram.com/reel/C_zLwgxP2Gp/?igsh=MTR6d2VsZWs2dHBzNQ==,India
115,Youtube,TechnoBhawesh,https://youtube.com/shorts/mn1T6zaxL1Y?feature=share,India
116,Instagram,ask.theashugandhi,https://www.instagram.com/reel/DABEMOmz8Lq/?igsh=NzdhOTVrbmR6bGhl,India
117,Instagram,tipsbyayush,https://www.instagram.com/reel/DAQ15G6SoIG/?igsh=MThqMm05ZGx6c3MxNw==,India
118,Instagram,chad_Ashna,https://www.instagram.com/reel/DAKyaFoppP_/?igsh=NTc4MTIwNjQ2YQ==,India
119,Instagram,gyan.monkey,https://www.instagram.com/gyan.monkey?igsh=MTZwbTFwaDljeTNlYw==,India
120,Youtube,Jstech,https://www.youtube.com/watch?v=0mC22Bxte6U,India
121,Instagram,ankit_ankk,https://www.instagram.com/reel/DBYlZeWSGzb/?igsh=d2kwYjgwYW13dzE0,India
122,Youtube,Nexgen Harley,https://www.youtube.com/watch?v=6PBQhJ-92Uk,India
123,Instagram,himanshu,https://www.instagram.com/reel/DC6iWlxSje8/?igsh=ZzZ3cGcwZTV5bDhv,India
124,Youtube,Rickyrodger,https://www.youtube.com/shorts/6uk7eUx6o8I,India
125,Instagram,Rickyrodger,https://www.instagram.com/reel/DBMBsjiy65U/?igsh=MXFzdXJyazFqa2Q5dg==,India
126,Youtube,Techmesh,https://www.youtube.com/watch?v=etBUVnYiPnk,India
127,Youtube,TheHopelessGeek,https://www.youtube.com/watch?v=i1lr7wzvMgE,India
128,Youtube,Techreflex,https://www.youtube.com/watch?v=UehOzq6SZos,India
129,Youtube,Tech Bag Tamil,https://www.youtube.com/watch?v=TrsI1PfRZwA,India
130,Youtube,mr rudee,https://www.youtube.com/watch?v=TN7Sjhz_XCM,India
131,Youtube,iGadz Unique,https://www.youtube.com/watch?v=Gz_34v3N5eE,India
132,Instagram,himanshu,https://www.instagram.com/reel/DC_t66mylrd/?igsh=Yzc0anA0a2tsbmU4,India
133,Instagram,ask.theashugandhi,https://www.instagram.com/reel/DBrAB_aIsm3/?igsh=MWV4azU1NGI0bGNlcw==,India
134,Instagram,gadgetbhaii,https://www.instagram.com/reel/DEPk4SGy6KY/?igsh=MTQ3emk1c2Zwa3Bq,India
135,Youtube,Purecast56,https://www.youtube.com/watch?v=_wmBTJ8im3k,India
136,Youtube,Purecast57,https://www.youtube.com/watch?v=6judpul8ksE,India
137,Youtube,whysotechie,https://www.youtube.com/watch?v=FO7dHFHYlrs,India
138,Youtube,whysotechie,https://www.youtube.com/shorts/kMEXXKP9xWk,India
139,Youtube,whysotechie,https://www.youtube.com/watch?v=EEeomXmrfkQ,India
140,Youtube,TrueTechy,https://www.youtube.com/watch?v=09zKXmIDMuc,India
141,Youtube,Halka Tech,https://www.youtube.com/watch?v=_ZEX3hG1whM,India
142,Youtube,Halka Tech,https://youtube.com/shorts/DuO-lk7YSQ8?si=Gz5MKspT3WP6knLY,India
143,Instagram,Halka Tech,https://www.instagram.com/reel/DD6eGKtvBTw/?igsh=MWlkZHJ0dGJ6cTQ5bg==,India
144,Youtube,Stereo,https://www.youtube.com/watch?v=CNMwVGE7880,India
145,Youtube,Stereo,https://www.youtube.com/watch?v=wHEMo7_tsy8,India
146,TikTok,tylercheri,https://www.tiktok.com/@tylercheri/video/7333373296693595438,US
147,Youtube,michael_stout79,https://www.youtube.com/watch?v=3IRpHMHK2SE&t=379s,US
148,Youtube,Wanna Buy It,https://www.youtube.com/watch?v=N5xwyWqqLmg&t=269s,US
149,Youtube,Brannon No d,https://www.youtube.com/watch?v=_NSo_YBC0AU&t=214s,US
150,Youtube,CEONTHEMAKING,https://www.youtube.com/watch?v=3B7bvTtPDFE,US
151,Youtube,Eric Hernandez,https://www.youtube.com/watch?v=N_agsg9ZmJI,US
152,Youtube,Tech With RR,https://www.youtube.com/watch?v=bXM423Uc5NI&t=1s,US
153,Youtube,TK Bay,https://www.youtube.com/watch?v=Ys-9rPJpJzU&t=1s,US
154,Youtube,EnforcerMan,https://www.youtube.com/watch?v=vxRl4yTY-jQ&t=612s,US
155,TikTok,the.atn,https://www.tiktok.com/@the.atn/video/7425803047441337642?_t=8qd2L3N5GZz&_r=1,US
156,Youtube,Cut2Cut Reviews,https://www.youtube.com/watch?v=QN35oyEVQXk&t=40s,US
157,Youtube,Youtube,https://www.youtube.com/watch?v=chsuteQKWMc&t=13s,US
158,Youtube,Epic Review Hub,https://www.youtube.com/watch?v=TFtKPo_ZUtQ,US
159,Youtube,Brannon No d,https://www.youtube.com/watch?v=_Gks93gudp0&t=14s,US
160,Youtube,Eric Hernandez,https://www.youtube.com/watch?v=_Gks93gudp0&t=14s,US
161,Youtube,Winter's Reviews,https://www.youtube.com/watch?v=gbQAhvQvA7s&t=14s,US
162,Amazon,Mohsen Canada,https://www.amazon.com/live/video/08030f9e97134ed499215574cbfbee2e?ref_=asvh_vdp,US
163,Youtube,TK Bay,https://www.youtube.com/watch?v=vj5h-Smhsbc,US
164,Youtube,The Average Tech Guy,https://www.youtube.com/watch?v=4d72i3aj1D0,US
165,Youtube,Consumer Tech Review,https://www.youtube.com/watch?v=AAx-0uy2FYQ,US
166,Youtube,Danny Pops,https://www.youtube.com/watch?v=mDHNMQBj0nE&t=18s,US
167,Youtube,Digital Slang,https://www.youtube.com/watch?v=TY7dGyZ6VhA,US
168,TikTok,larad_official,https://www.tiktok.com/@larad_official/video/7407070918532451615,US
169,Youtube,michael_stout79,https://www.youtube.com/watch?v=4xPexsuk0hU&t=530s,US
170,TikTok,jackiekxhl,https://www.tiktok.com/@jackiekxhl/video/7412814055410355487,US
171,Amazon,TheChrisReview,https://www.amazon.com/live/video/05c0798085eb45f2aaa286e61c7e1f19?ref_=asvh_vdp,US
172,Youtube,TheChrisReview,https://youtu.be/-ZM75wBlP5s,US
173,Youtube,GH Tech Review,https://www.youtube.com/shorts/T7ckGXiM1T0,US
174,TikTok,kerraezgi,https://www.tiktok.com/@kerraezgi/video/7434575065720556843?_r=1&_t=8rD4cIt2rB0,US
175,Instagram,kerraezgi,https://www.instagram.com/reel/DCE63ArOPbF/,US
176,Youtube,Eli Euley,https://www.youtube.com/watch?v=j0uSs4i9FOg,US
177,Amazon,thechrisreview,https://www.amazon.com/live/video/04fac320ffe949c6b4732f6438f5aa1a?ref_=asvh_vdp,US
178,Youtube,thechrisreview,https://youtu.be/RANWSqfbpGA,US
179,Youtube,Unbox Therapy,https://www.youtube.com/shorts/gDOjHj1RZeM,US
180,TikTok,Unbox Therapy,https://www.tiktok.com/@unboxtherapyofficial/video/7430137577279212805?lang=en,US
181,Instagram,Unbox Therapy,instagram.com/unboxtherapy,US
182,Facebook,Unbox Therapy,facebook.com/unboxtherapy,US
183,Youtube,TK BAY,https://www.youtube.com/watch?v=gJi5evL_Oyw,US
184,Youtube,Happy Ajula,https://www.youtube.com/watch?v=_dvZrLaChGQ,US
185,Youtube,HansTechTalk,https://www.youtube.com/watch?v=Y2Br_tCUPKg,US
186,Youtube,Dannypops,https://www.youtube.com/watch?v=IwlqWQzAtrE,US
187,Youtube,Eric Hernandez,https://youtu.be/3uZcv68uNH8,US
188,Youtube,Brannon No d,https://www.youtube.com/watch?app=desktop&v=yDZ9GrNsf-s&list=LL&index=1,US
189,Youtube,FishBee Product Reviews,https://www.youtube.com/watch?v=hGau_4adEIU,US